encounterID,period.startDate,period.startTime,period.endDate,period.endTime,patientID,participant.type,,participent.individual,serviceProvider,class,status
4101,2014-04-28,16:19:43,,,1001,,,,RR8,,finished
4102,2015-12-03,,2015-12-03,,1001,PRF,Practitioner,C5201693,,,finished
4103,2017-04-15,09:04:05,2017-04-15,10:03:07,1001,,,,RGD,,finished
4104,2017-10-02,16:42:53,,,1001,,,,RR8,,finished
4105,2017-10-15,13:04:22,,,1001,PRF,Practitioner,C2828785,,,finished
4106,2017-09-27,12:25:12,2017-09-27,13:31:26,1002,PRF,Practitioner,C4514880,,,finished
4107,2017-10-13,17:07:46,,,1002,,,,RGD,,finished
4108,2017-10-18,,2017-10-18,,1002,PRF,Practitioner,C6050486,,,finished
4109,2015-08-26,11:32:05,2015-08-26,12:35:26,1003,,,,RGD,,finished
4110,2017-09-16,09:49:34,,,1003,PRF,Practitioner,C4767389,,,finished
4111,2017-10-17,14:43:53,2017-10-17,15:50:07,1003,PRF,Practitioner,C6094282,,,finished
4112,2017-10-18,11:14:46,,,1003,,,,RGD,,finished
4113,2017-10-19,14:25:55,,,1003,PRF,Practitioner,C4158251,,,finished
4114,2015-07-21,16:50:17,,,1005,PRF,Practitioner,C4613428,,,finished
4115,2017-01-08,09:43:58,,,1005,,,,RGD,,finished
4116,2015-07-17,,2015-07-17,,1006,,,,RR8,,finished
4117,2016-04-06,,2016-04-06,,1006,,,,RX3,,finished
4118,2016-12-15,13:40:14,,,1006,,,,RY6,,finished
4119,2017-06-19,17:21:46,2017-06-19,18:03:31,1006,,,,RGD,,finished
4120,2017-07-20,12:04:58,,,1006,,,,RGD,,finished
4121,2016-08-12,11:40:46,2016-08-12,12:29:43,1007,,,,RGD,,finished
4122,2017-08-25,,2017-08-25,,1007,,,,RGD,,finished
4123,2014-03-17,12:45:14,,,1008,PRF,Practitioner,C3482687,,,finished
4124,2015-05-04,09:20:55,2015-05-04,10:01:14,1008,PRF,Practitioner,C4328847,,,finished
4125,2017-06-18,14:35:17,2017-06-18,15:25:41,1008,,,,RR8,,finished
4126,2017-09-18,10:35:36,,,1008,PRF,Practitioner,C4094984,,,finished
4127,2017-09-30,17:27:55,,,1008,,,,RGD,,finished
4128,2017-10-13,,2017-10-13,,1008,,,,RGD,,finished
4129,2017-10-17,13:59:46,,,1008,PRF,Practitioner,C2338433,,,finished
4130,2016-06-24,10:26:53,2016-06-24,11:11:31,1009,,,,RR8,,finished
4131,2017-06-23,,2017-06-23,,1009,PRF,Practitioner,C6056866,,,finished
4132,2016-01-10,,2016-01-10,,1010,PRF,Practitioner,C4114998,,,finished
4133,2016-07-07,,2016-07-07,,1010,PRF,Practitioner,C7048149,,,finished
4134,2017-07-31,12:22:26,,,1010,PRF,Practitioner,C7048149,,,finished
4135,2017-09-21,,2017-09-21,,1010,,,,RR8,,finished
4136,2017-09-28,,2017-09-28,,1010,,,,RGD,,finished
4137,2017-10-03,13:22:55,2017-10-03,13:56:02,1010,,,,RR8,,finished
4138,2017-10-16,09:11:50,2017-10-16,09:43:31,1010,PRF,Practitioner,C2828785,,,finished
4139,2017-10-17,13:39:02,2017-10-17,14:15:02,1010,PRF,Practitioner,C6102217,,,finished
4140,2017-10-18,,2017-10-18,,1010,PRF,Practitioner,C4528025,,,finished
4141,2017-10-19,09:35:24,2017-10-19,10:08:31,1010,PRF,Practitioner,C4371584,,,finished
4142,2017-01-15,,2017-01-15,,1011,,,,RR8,,finished
4143,2017-09-04,15:51:24,2017-09-04,16:41:48,1011,,,,RGD,,finished
4144,2016-02-12,11:17:12,,,1013,PRF,Practitioner,C6131054,,,finished
4145,2017-10-15,,2017-10-15,,1013,PRF,Practitioner,C6131054,,,finished
4146,2017-10-17,,2017-10-17,,1013,,,,RGD,,finished
4147,2017-10-18,,2017-10-18,,1013,,,,RY6,,finished
4148,2016-10-10,10:27:24,,,1016,PRF,Practitioner,C3266540,,,finished
4149,2017-10-01,12:04:36,,,1016,PRF,Practitioner,C4023317,,,finished
4150,2016-10-12,11:05:36,2016-10-12,11:38:43,1017,PRF,Practitioner,C6118355,,,finished
4151,2017-08-27,13:20:24,,,1017,,,,RGD,,finished
4152,2017-10-09,09:48:05,2017-10-09,10:42:48,1017,,,,RGD,,finished
4153,2017-10-16,,2017-10-16,,1017,,,,RR8,,finished
4154,2017-10-18,11:47:36,2017-10-18,12:32:14,1017,,,,RY6,,finished
4155,2015-09-14,14:43:34,2015-09-14,15:15:14,1018,,,,RGD,,finished
4156,2016-05-31,14:13:34,,,1018,,,,RR8,,finished
4157,2017-05-24,,2017-05-24,,1018,PRF,Practitioner,C4603012,,,finished
4158,2017-08-23,16:57:46,,,1018,,,,RGD,,finished
4159,2017-09-28,,2017-09-28,,1018,,,,RGD,,finished
4160,2017-10-09,15:51:02,,,1018,,,,RGD,,finished
4161,2017-10-16,,2017-10-16,,1018,PRF,Practitioner,C3124774,,,finished
4162,2017-10-18,11:50:17,,,1018,,,,RGD,,finished
4163,2017-10-19,09:27:48,2017-10-19,09:58:02,1018,,,,RY6,,finished
4164,2014-04-07,11:46:36,2014-04-07,12:12:31,1021,,,,RY6,,finished
4165,2016-09-06,15:13:34,2016-09-06,15:39:29,1021,,,,RGD,,finished
4166,2017-08-06,12:39:58,2017-08-06,13:30:22,1021,PRF,Practitioner,C4328847,,,finished
4167,2017-10-02,,2017-10-02,,1021,PRF,Practitioner,C3141201,,,finished
4168,2017-10-18,15:13:19,2017-10-18,16:06:36,1021,PRF,Practitioner,C2547617,,,finished
4169,2015-04-04,08:59:46,,,1022,PRF,Practitioner,C6027336,,,finished
4170,2016-10-24,,2016-10-24,,1022,,,,RGD,,finished
4171,2014-05-03,12:04:00,2014-05-03,13:08:48,1023,PRF,Practitioner,C3329232,,,finished
4172,2015-09-07,,2015-09-07,,1023,,,,RR8,,finished
4173,2014-05-07,14:37:24,2014-05-07,15:20:36,1024,,,,RGD,,finished
4174,2016-02-04,10:34:46,,,1024,,,,RR8,,finished
4175,2017-01-17,12:32:36,2017-01-17,13:24:26,1024,,,,RR8,,finished
4176,2017-08-27,,2017-08-27,,1024,,,,RR8,,finished
4177,2016-12-28,14:35:02,,,1026,,,,RR8,,finished
4178,2017-08-16,14:51:53,2017-08-16,15:55:14,1026,,,,RGD,,finished
4179,2017-10-16,,2017-10-16,,1026,PRF,Practitioner,C2650407,,,finished
4180,2017-10-17,,2017-10-17,,1026,PRF,Practitioner,C6029669,,,finished
4181,2017-10-19,10:42:55,,,1026,PRF,Practitioner,C4328847,,,finished
4182,2016-06-25,16:24:00,,,1027,PRF,Practitioner,C6101733,,,finished
4183,2017-01-02,16:30:12,,,1027,PRF,Practitioner,C3296675,,,finished
4184,2017-08-06,,2017-08-06,,1027,,,,RR8,,finished
4185,2017-10-19,11:50:36,,,1027,,,,RR8,,finished
4186,2017-09-13,,2017-09-13,,1028,,,,RGD,,finished
4187,2017-10-12,15:47:17,2017-10-12,16:29:02,1028,,,,RR8,,finished
4188,2017-10-16,10:14:05,2017-10-16,11:03:02,1028,PRF,Practitioner,C3090350,,,finished
4189,2017-10-19,,2017-10-19,,1028,PRF,Practitioner,C3310683,,,finished
4190,2013-06-26,11:06:17,2013-06-26,11:45:10,1029,,,,RGD,,finished
4191,2014-08-02,11:52:12,,,1030,,,,RY6,,finished
4192,2015-12-26,16:21:41,,,1030,,,,RR8,,finished
4193,2017-03-10,15:24:50,2017-03-10,15:57:58,1031,PRF,Practitioner,C4755713,,,finished
4194,2017-07-14,,2017-07-14,,1031,,,,RR8,,finished
4195,2017-08-19,15:58:12,2017-08-19,16:37:05,1031,,,,RGD,,finished
4196,2017-09-22,15:19:17,,,1031,PRF,Practitioner,C4607353,,,finished
4197,2017-10-01,,2017-10-01,,1031,PRF,Practitioner,C3090350,,,finished
4198,2017-10-13,15:03:48,2017-10-13,16:01:24,1031,PRF,Practitioner,C4037521,,,finished
4199,2017-10-17,14:40:41,,,1031,PRF,Practitioner,C6044182,,,finished
4200,2017-10-18,10:32:31,2017-10-18,11:14:17,1031,,,,RGD,,finished
4201,2017-03-17,,2017-03-17,,1032,,,,RR8,,finished
4202,2017-09-30,16:55:31,,,1032,,,,RFR,,finished
4203,2017-10-12,,2017-10-12,,1032,,,,RY6,,finished
4204,2017-10-18,,2017-10-18,,1032,PRF,Practitioner,C6029669,,,finished
4205,2017-10-19,15:40:34,,,1032,PRF,Practitioner,C4158251,,,finished
4206,2016-01-19,09:52:17,,,1033,PRF,Practitioner,C4094984,,,finished
4207,2015-12-13,15:55:43,2015-12-13,16:30:17,1035,,,,RGD,,finished
4208,2017-06-28,17:26:05,,,1035,PRF,Practitioner,C4094984,,,finished
4209,2017-09-21,11:27:41,2017-09-21,12:22:24,1035,,,,RR8,,finished
4210,2017-10-14,,2017-10-14,,1035,,,,RGD,,finished
4211,2017-10-16,10:09:43,2017-10-16,10:31:19,1035,,,,RGD,,finished
4212,2017-10-17,13:03:58,,,1035,PRF,Practitioner,C2650407,,,finished
4213,2015-10-09,15:09:38,,,1036,PRF,Practitioner,C4158251,,,finished
4214,2016-03-31,14:16:22,2016-03-31,14:52:22,1036,,,,RCD,,finished
4215,2013-12-09,,2013-12-09,,1037,PRF,Practitioner,C6147553,,,finished
4216,2016-11-01,16:27:24,,,1037,,,,RGD,,finished
4217,2017-09-27,17:07:38,2017-09-27,17:42:12,1037,PRF,Practitioner,C3340457,,,finished
4218,2017-10-14,09:18:12,,,1037,PRF,Practitioner,C4094984,,,finished
4219,2017-10-17,09:11:53,,,1037,,,,RR8,,finished
4220,2017-10-19,,2017-10-19,,1037,,,,RY6,,finished
4221,2015-05-20,11:02:50,2015-05-20,11:34:31,1038,PRF,Practitioner,C6029669,,,finished
4222,2017-08-12,10:20:14,2017-08-12,11:36:34,1038,,,,RR8,,finished
4223,2017-09-28,11:37:17,,,1038,,,,RGD,,finished
4224,2014-12-30,15:26:12,2014-12-30,16:38:12,1039,,,,RGD,,finished
4225,2017-06-04,14:22:17,,,1039,,,,RGD,,finished
4226,2017-07-19,,2017-07-19,,1039,PRF,Practitioner,C6129065,,,finished
4227,2017-09-19,13:47:46,,,1039,PRF,Practitioner,C4429195,,,finished
4228,2017-10-05,12:14:48,2017-10-05,12:24:53,1039,,,,RGD,,finished
4229,2017-10-18,16:09:36,2017-10-18,16:35:31,1039,PRF,Practitioner,C5196580,,,finished
4230,2017-10-19,,2017-10-19,,1039,PRF,Practitioner,C4105215,,,finished
4231,2015-08-09,,2015-08-09,,1041,PRF,Practitioner,C2828785,,,finished
4232,2016-01-19,15:33:50,2016-01-19,16:21:22,1041,PRF,Practitioner,C2602617,,,finished
4233,2017-08-27,14:40:31,,,1041,,,,RR8,,finished
4234,2017-10-02,16:27:31,,,1041,PRF,Practitioner,C3556009,,,finished
4235,2017-10-14,13:21:34,,,1041,,,,RCD,,finished
4236,2017-10-15,10:53:05,,,1041,PRF,Practitioner,C3546521,,,finished
4237,2017-10-19,14:58:58,,,1041,,,,RR8,,finished
4238,2015-06-01,12:34:53,,,1042,,,,RY6,,finished
4239,2016-01-29,15:39:31,,,1042,,,,RY6,,finished
4240,2017-02-06,14:38:05,2017-02-06,15:29:55,1042,,,,RX8,,finished
4241,2017-03-31,14:40:34,2017-03-31,15:32:24,1042,PRF,Practitioner,C6071941,,,finished
4242,2017-08-05,11:09:00,2017-08-05,12:09:29,1042,PRF,Practitioner,C3262089,,,finished
4243,2016-03-03,,2016-03-03,,1043,PRF,Practitioner,C4022952,,,finished
4244,2017-04-28,12:54:19,2017-04-28,13:43:17,1043,PRF,Practitioner,C4022952,,,finished
4245,2017-06-18,14:58:19,,,1043,,,,RGD,,finished
4246,2017-09-21,14:27:38,,,1043,PRF,Practitioner,C3275900,,,finished
4247,2012-11-03,12:01:05,,,1044,,,,RY6,,finished
4248,2015-03-09,12:37:12,2015-03-09,13:27:36,1044,,,,RR8,,finished
4249,2016-07-13,09:49:12,2016-07-13,10:58:19,1044,PRF,Practitioner,C4709059,,,finished
4250,2017-08-31,,2017-08-31,,1044,PRF,Practitioner,C3330027,,,finished
4251,2017-09-30,11:10:38,2017-09-30,12:01:02,1044,,,,RGD,,finished
4252,2017-10-09,11:19:55,2017-10-09,12:07:26,1044,,,,RGD,,finished
4253,2017-10-17,15:24:05,,,1044,,,,RGD,,finished
4254,2017-10-18,10:01:00,2017-10-18,10:51:24,1044,,,,RR8,,finished
4255,2017-10-19,,2017-10-19,,1044,,,,RR8,,finished
4256,2016-07-15,10:16:36,,,1045,PRF,Practitioner,C3124774,,,finished
4257,2017-10-14,11:00:12,,,1045,,,,RGD,,finished
4258,2017-07-12,10:46:50,,,1046,,,,RGD,,finished
4259,2017-09-26,,2017-09-26,,1046,PRF,Practitioner,C3124963,,,finished
4260,2017-10-17,,2017-10-17,,1046,PRF,Practitioner,C3310906,,,finished
4261,2017-10-19,10:34:10,,,1046,,,,RR8,,finished
4262,2014-01-13,,2014-01-13,,1047,,,,RGD,,finished
4263,2014-07-03,10:36:58,,,1047,PRF,Practitioner,C5201774,,,finished
4264,2014-10-10,15:14:53,2014-10-10,16:05:17,1047,PRF,Practitioner,C5205660,,,finished
4265,2015-11-21,13:08:05,2015-11-21,14:05:41,1047,PRF,Practitioner,C3271315,,,finished
4266,2017-03-19,12:02:00,2017-03-19,13:01:02,1047,PRF,Practitioner,C5208977,,,finished
4267,2017-07-30,16:55:46,,,1047,,,,RY6,,finished
4268,2017-08-18,11:33:07,,,1047,,,,RY6,,finished
4269,2017-09-23,16:08:41,2017-09-23,16:25:58,1047,PRF,Practitioner,C5191453,,,finished
4270,2017-10-10,09:51:36,,,1047,,,,RR8,,finished
4271,2017-10-18,16:44:34,2017-10-18,17:13:22,1047,,,,RY6,,finished
4272,2014-03-02,,2014-03-02,,1048,,,,RGD,,finished
4273,2015-06-04,,2015-06-04,,1048,PRF,Practitioner,C4654881,,,finished
4274,2017-01-08,12:08:24,,,1048,,,,RR8,,finished
4275,2017-03-23,13:23:05,,,1048,,,,RGD,,finished
4276,2017-09-23,,2017-09-23,,1048,,,,RGD,,finished
4277,2017-10-09,12:29:24,2017-10-09,13:19:48,1048,,,,RGD,,finished
4278,2017-10-13,17:14:29,2017-10-13,17:44:43,1048,,,,RR8,,finished
4279,2017-10-16,,2017-10-16,,1048,PRF,Practitioner,C3564585,,,finished
4280,2017-10-17,15:41:24,,,1048,PRF,Practitioner,C4419923,,,finished
4281,2017-10-18,10:27:34,,,1048,PRF,Practitioner,C4094984,,,finished
4282,2017-10-19,13:06:38,,,1048,PRF,Practitioner,C6094299,,,finished
4283,2016-10-18,09:29:53,2016-10-18,10:36:07,1049,PRF,Practitioner,C4021803,,,finished
4284,2017-05-23,09:21:55,,,1049,,,,RGD,,finished
4285,2017-10-05,14:15:38,,,1049,,,,RR8,,finished
4286,2017-10-11,12:42:19,,,1049,PRF,Practitioner,C4716101,,,finished
4287,2017-10-16,,2017-10-16,,1049,,,,RGD,,finished
4288,2017-10-19,,2017-10-19,,1049,,,,RGD,,finished
4289,2017-07-17,,2017-07-17,,1050,,,,RGD,,finished
4290,2017-02-11,13:05:36,,,1051,PRF,Practitioner,C4285070,,,finished
4291,2017-06-29,15:13:46,,,1051,,,,RGD,,finished
4292,2017-08-31,,2017-08-31,,1051,,,,RR8,,finished
4293,2017-09-03,12:30:36,,,1051,PRF,Practitioner,C6101152,,,finished
4294,2014-02-09,12:13:46,2014-02-09,12:59:50,1052,,,,RGD,,finished
4295,2016-10-10,,2016-10-10,,1052,,,,RGD,,finished
4296,2017-10-09,13:27:22,,,1053,,,,RR8,,finished
4297,2017-10-12,12:56:58,2017-10-12,13:45:55,1053,PRF,Practitioner,C6030837,,,finished
4298,2017-10-18,,2017-10-18,,1053,,,,RR8,,finished
4299,2017-10-19,11:41:53,2017-10-19,12:33:43,1053,PRF,Practitioner,C4185390,,,finished
4300,2012-08-10,,2012-08-10,,1055,PRF,Practitioner,C6030599,,,finished
4301,2013-04-03,11:37:19,2013-04-03,12:46:26,1055,PRF,Practitioner,C6026896,,,finished
4302,2014-08-17,17:14:24,2014-08-17,18:01:55,1056,,,,RR8,,finished
4303,2017-08-18,11:50:34,,,1057,PRF,Practitioner,C4617343,,,finished
4304,2017-09-18,15:15:05,2017-09-18,15:55:24,1057,,,,RGD,,finished
4305,2017-09-26,,2017-09-26,,1057,PRF,Practitioner,C6056662,,,finished
4306,2017-10-12,11:49:26,2017-10-12,12:35:31,1057,,,,RY6,,finished
4307,2017-10-16,16:22:53,2017-10-16,17:14:43,1057,,,,RGD,,finished
4308,2017-10-17,12:10:50,2017-10-17,12:58:22,1057,PRF,Practitioner,C3076376,,,finished
4309,2017-10-19,,2017-10-19,,1057,PRF,Practitioner,C3076376,,,finished
4310,2014-12-25,16:34:31,,,1058,,,,RGD,,finished
4311,2016-07-23,,2016-07-23,,1059,PRF,Practitioner,C6023176,,,finished
4312,2017-03-06,14:49:07,2017-03-06,15:42:24,1059,PRF,Practitioner,C4328847,,,finished
4313,2017-09-19,11:37:14,,,1059,,,,RY6,,finished
4314,2017-10-18,15:46:26,2017-10-18,16:49:48,1059,,,,RY6,,finished
4315,2017-10-19,13:31:12,2017-10-19,14:21:36,1059,,,,RR8,,finished
4316,2014-09-09,13:29:41,2014-09-09,14:02:48,1060,PRF,Practitioner,C4613428,,,finished
4317,2016-05-04,,2016-05-04,,1060,,,,RGD,,finished
4318,2017-04-10,14:30:55,2017-04-10,15:11:14,1060,,,,RGD,,finished
4319,2017-09-27,11:54:36,,,1060,,,,RR8,,finished
4320,2017-10-08,11:36:17,2017-10-08,12:19:29,1060,PRF,Practitioner,C3485446,,,finished
4321,2017-10-16,09:16:19,,,1060,,,,RGD,,finished
4322,2017-10-19,,2017-10-19,,1060,PRF,Practitioner,C5200194,,,finished
4323,2014-01-20,,2014-01-20,,1061,,,,RGD,,finished
4324,2016-03-10,13:54:43,,,1061,PRF,Practitioner,C6099066,,,finished
4325,2016-12-27,13:41:55,,,1061,PRF,Practitioner,C6099066,,,finished
4326,2017-08-17,10:59:07,2017-08-17,11:49:31,1061,,,,RR8,,finished
4327,2017-09-18,,2017-09-18,,1061,PRF,Practitioner,C4322638,,,finished
4328,2017-10-14,14:53:50,2017-10-14,15:38:29,1061,PRF,Practitioner,C4322638,,,finished
4329,2017-10-19,12:51:24,2017-10-19,13:43:14,1061,,,,RGD,,finished
4330,2015-11-13,16:29:46,,,1062,PRF,Practitioner,C5205660,,,finished
4331,2015-04-13,14:14:41,,,1063,,,,RGD,,finished
4332,2016-09-16,14:07:17,,,1063,,,,RY6,,finished
4333,2017-04-03,09:37:48,,,1064,,,,RY6,,finished
4334,2017-06-15,11:20:24,2017-06-15,12:03:36,1064,PRF,Practitioner,C3141768,,,finished
4335,2017-07-22,11:53:07,2017-07-22,12:23:22,1064,PRF,Practitioner,C6118355,,,finished
4336,2017-09-27,13:05:41,,,1064,,,,RY6,,finished
4337,2017-10-15,,2017-10-15,,1064,,,,RY6,,finished
4338,2017-10-16,,2017-10-16,,1064,,,,RGD,,finished
4339,2017-10-18,16:29:31,2017-10-18,17:12:43,1064,,,,RGD,,finished
4340,2017-10-19,16:45:34,2017-10-19,17:44:36,1064,,,,RGD,,finished
4341,2015-10-17,09:27:55,,,1066,,,,RR8,,finished
4342,2016-08-24,12:24:48,,,1066,,,,RGD,,finished
4343,2017-01-17,13:21:14,,,1066,PRF,Practitioner,C3329232,,,finished
4344,2017-10-12,15:42:26,2017-10-12,17:00:12,1068,PRF,Practitioner,C4094984,,,finished
4345,2017-10-15,14:15:38,,,1068,,,,RR8,,finished
4346,2015-09-25,15:20:34,,,1070,PRF,Practitioner,C4105215,,,finished
4347,2016-12-03,09:52:29,2016-12-03,10:41:26,1072,,,,RGD,,finished
4348,2017-04-05,10:13:55,2017-04-05,10:55:41,1072,,,,RGD,,finished
4349,2015-01-07,,2015-01-07,,1073,PRF,Practitioner,C3485415,,,finished
4350,2017-01-18,16:08:07,2017-01-18,16:48:26,1073,PRF,Practitioner,C3657302,,,finished
4351,2017-04-26,,2017-04-26,,1073,PRF,Practitioner,C1508925,,,finished
4352,2017-08-25,15:26:22,2017-08-25,15:49:24,1073,PRF,Practitioner,C4507202,,,finished
4353,2017-09-27,16:57:12,,,1073,,,,RGD,,finished
4354,2017-10-09,13:46:10,,,1073,PRF,Practitioner,C5208977,,,finished
4355,2017-10-13,,2017-10-13,,1073,,,,RX3,,finished
4356,2017-10-16,09:54:02,2017-10-16,10:32:55,1073,,,,RGD,,finished
4357,2017-10-18,15:03:46,,,1073,PRF,Practitioner,C3329995,,,finished
4358,2017-10-19,11:03:26,2017-10-19,11:56:43,1073,,,,RY6,,finished
4359,2016-09-23,09:24:14,2016-09-23,10:23:17,1074,PRF,Practitioner,C6129065,,,finished
4360,2017-04-02,10:05:58,,,1074,,,,RY6,,finished
4361,2016-12-02,14:07:48,,,1075,,,,RGD,,finished
4362,2017-09-13,16:21:46,2017-09-13,17:09:17,1075,,,,RY6,,finished
4363,2017-10-15,,2017-10-15,,1075,,,,RGD,,finished
4364,2016-04-12,13:05:29,2016-04-12,13:41:29,1076,PRF,Practitioner,C2575946,,,finished
4365,2016-09-16,13:53:19,2016-09-16,14:45:10,1076,,,,RR8,,finished
4366,2016-12-06,,2016-12-06,,1076,PRF,Practitioner,C6155987,,,finished
4367,2017-03-21,12:43:29,2017-03-21,13:13:43,1076,PRF,Practitioner,C4094984,,,finished
4368,2017-07-17,,2017-07-17,,1076,PRF,Practitioner,C3205592,,,finished
4369,2017-02-18,11:17:50,,,1078,PRF,Practitioner,C6037492,,,finished
4370,2017-06-27,16:16:38,,,1078,PRF,Practitioner,C4735173,,,finished
4371,2017-09-11,,,,1078,PRF,Practitioner,C4735173,,,finished
4372,2017-09-20,13:26:38,,,1078,PRF,Practitioner,C6027336,,,finished
4373,2017-04-30,,2017-04-30,,1079,,,,RGD,,finished
4374,2017-09-22,17:02:58,2017-09-22,18:02:00,1079,PRF,Practitioner,C3480575,,,finished
4375,2017-10-16,15:55:36,,,1079,,,,RGD,,finished
4376,2017-10-17,14:41:55,,,1079,PRF,Practitioner,C3003336,,,finished
4377,2017-10-18,10:45:55,,,1079,,,,RGD,,finished
4378,2015-03-22,16:05:31,,,1080,,,,RY6,,finished
4379,2016-09-03,13:45:48,,,1080,,,,RY6,,finished
4380,2017-08-17,13:44:19,2017-08-17,14:33:17,1080,PRF,Practitioner,C4543055,,,finished
4381,2017-10-19,14:53:50,,,1080,,,,RR8,,finished
4382,2016-12-31,14:23:38,,,1081,,,,RR8,,finished
4383,2017-04-24,,2017-04-24,,1081,,,,RR8,,finished
4384,2017-08-02,16:22:24,,,1081,PRF,Practitioner,C3556009,,,finished
4385,2017-09-20,,2017-09-20,,1081,PRF,Practitioner,C6128434,,,finished
4386,2016-05-02,16:42:50,,,1082,,,,RGD,,finished
4387,2016-10-21,10:05:38,2016-10-21,10:53:10,1083,,,,RY6,,finished
4388,2017-06-06,13:03:48,2017-06-06,13:35:29,1083,,,,RR8,,finished
4389,2017-08-23,,2017-08-23,,1083,,,,RR8,,finished
4390,2017-10-05,16:55:46,,,1083,,,,RY6,,finished
4391,2017-10-12,,2017-10-12,,1083,,,,RX8,,finished
4392,2017-10-18,13:18:34,2017-10-18,13:37:17,1083,PRF,Practitioner,C3003336,,,finished
4393,2017-10-19,16:02:36,2017-10-19,16:35:43,1083,PRF,Practitioner,C3499571,,,finished
4394,2016-05-07,16:50:26,,,1084,PRF,Practitioner,C3587654,,,finished
4395,2017-04-16,14:03:02,,,1084,,,,RR8,,finished
4396,2017-10-04,,2017-10-04,,1084,,,,RR8,,finished
4397,2017-10-14,,2017-10-14,,1084,PRF,Practitioner,C5208977,,,finished
4398,2017-10-18,11:05:50,2017-10-18,11:44:43,1084,,,,RR8,,finished
4399,2017-10-19,15:35:07,2017-10-19,16:28:24,1084,,,,RGD,,finished
4400,2016-11-25,13:39:36,,,1085,,,,RGD,,finished
4401,2017-06-15,,2017-06-15,,1085,PRF,Practitioner,C6128434,,,finished
4402,2017-07-18,12:27:41,,,1085,,,,RR8,,finished
4403,2017-09-02,15:07:34,2017-09-02,16:15:14,1085,PRF,Practitioner,C2597887,,,finished
4404,2017-09-12,15:41:17,2017-09-12,16:30:14,1085,PRF,Practitioner,C6037296,,,finished
4405,2017-10-14,17:46:34,2017-10-14,18:21:07,1085,,,,RGD,,finished
4406,2017-04-13,16:54:48,,,1086,PRF,Practitioner,C4640952,,,finished
4407,2017-10-10,16:08:07,,,1086,PRF,Practitioner,C4032478,,,finished
4408,2017-10-17,11:10:17,2017-10-17,11:52:02,1086,,,,RR8,,finished
4409,2017-10-18,,2017-10-18,,1086,,,,RY6,,finished
4410,2017-10-19,15:15:19,,,1086,PRF,Practitioner,C2841287,,,finished
4411,2015-07-28,13:05:02,2015-07-28,13:58:19,1087,PRF,Practitioner,C3337969,,,finished
4412,2016-04-04,,2016-04-04,,1087,,,,RR8,,finished
4413,2017-09-28,15:52:38,2017-09-28,16:32:58,1087,,,,RGD,,finished
4414,2017-10-18,,2017-10-18,,1087,,,,RY6,,finished
4415,2017-03-27,,2017-03-27,,1091,,,,RGD,,finished
4416,2017-04-18,12:33:31,2017-04-18,13:02:19,1091,PRF,Practitioner,C2886747,,,finished
4417,2017-07-23,14:52:24,,,1091,,,,RGD,,finished
4418,2017-09-07,12:36:17,2017-09-07,13:25:14,1091,,,,RY6,,finished
4419,2014-07-04,15:11:58,,,1092,,,,RR8,,finished
4420,2016-03-12,,2016-03-12,,1093,,,,RGD,,finished
4421,2017-03-30,,2017-03-30,,1093,PRF,Practitioner,C4656601,,,finished
4422,2017-10-08,,2017-10-08,,1093,PRF,Practitioner,C3253337,,,finished
4423,2017-10-14,09:57:05,2017-10-14,11:03:19,1093,,,,RR8,,finished
4424,2017-10-19,,2017-10-19,,1093,PRF,Practitioner,C4607353,,,finished
4425,2016-10-14,14:50:58,2016-10-14,15:28:24,1094,,,,RGD,,finished
4426,2017-10-08,15:30:31,,,1094,,,,RR8,,finished
4427,2017-10-15,14:22:00,,,1094,,,,RR8,,finished
4428,2017-10-18,13:51:36,,,1094,,,,RR8,,finished
4429,2017-10-19,09:43:26,,,1094,PRF,Practitioner,C4735647,,,finished
4430,2013-12-11,10:16:36,2013-12-11,10:55:29,1096,,,,RY6,,finished
4431,2015-03-09,15:33:29,2015-03-09,16:19:34,1096,PRF,Practitioner,C3065804,,,finished
4432,2017-05-01,17:03:02,,,1096,PRF,Practitioner,C6040208,,,finished
4433,2017-09-11,09:19:46,2017-09-11,10:14:29,1096,PRF,Practitioner,C4576444,,,finished
4434,2017-01-03,13:26:10,,,1097,,,,RX8,,finished
4435,2017-08-15,,2017-08-15,,1097,,,,RR8,,finished
4436,2017-09-11,,2017-09-11,,1097,,,,RR8,,finished
4437,2017-09-21,,2017-09-21,,1097,,,,RY6,,finished
4438,2017-10-04,17:16:26,2017-10-04,18:06:50,1097,,,,RY6,,finished
4439,2017-10-14,,2017-10-14,,1097,PRF,Practitioner,C6078834,,,finished
4440,2017-10-15,12:22:38,2017-10-15,13:30:19,1097,PRF,Practitioner,C6078834,,,finished
4441,2017-10-17,17:07:36,,,1097,PRF,Practitioner,C4186140,,,finished
4442,2017-10-18,,2017-10-18,,1097,PRF,Practitioner,C4613428,,,finished
4443,2017-10-19,,2017-10-19,,1097,,,,RR8,,finished
4444,2017-09-24,,2017-09-24,,1098,,,,RGT,,finished
4445,2017-10-14,,2017-10-14,,1098,,,,RGT,,finished
4446,2017-10-17,11:03:14,,,1098,,,,RGD,,finished
4447,2017-10-18,15:35:17,2017-10-18,16:25:41,1098,,,,RGD,,finished
4448,2017-10-19,,2017-10-19,,1098,,,,RGD,,finished
4449,2016-09-05,11:48:50,2016-09-05,12:21:58,1099,,,,RGD,,finished
4450,2017-10-19,,2017-10-19,,1100,,,,RY6,,finished
4451,1981-03-18,,1981-03-18,,1007,PRF,Practitioner,C0780825,,,finished
4452,2015-01-03,,2015-01-03,,1017,PRF,Practitioner,C1204489,,,finished
4453,2015-01-30,,2015-01-30,,1017,PRF,Practitioner,C0695673,,,finished
4454,2015-01-05,,2015-01-05,,1017,PRF,Practitioner,C0291660,,,finished
4455,2015-02-01,,,,1017,PRF,Practitioner,C1252891,,,finished
4456,2015-10-06,,2015-10-06,,1017,PRF,Practitioner,C1231078,,,finished
4457,2016-09-19,,2016-09-19,,1017,PRF,Practitioner,C0011967,,,finished
4458,2017-10-06,,2017-10-06,,1017,PRF,Practitioner,C1745380,,,finished
4459,2015-10-01,,2015-10-01,,1017,PRF,Practitioner,C1618176,,,finished
4460,2015-11-10,,,,1017,PRF,Practitioner,C0660622,,,finished
4461,2014-10-13,,2014-10-13,,1017,PRF,Practitioner,C1205930,,,finished
4462,1966-07-20,17:12:29,,,1027,PRF,Practitioner,C1315758,,,finished
4463,2004-12-31,17:09:36,2004-12-31,17:52:48,1035,PRF,Practitioner,C0611893,,,finished
4464,2007-05-02,,2007-05-02,,1035,PRF,Practitioner,C1250095,,,finished
4465,2015-11-11,17:19:41,,,1035,PRF,Practitioner,C1249114,,,finished
4466,2016-04-27,,2016-04-27,,1035,PRF,Practitioner,C1629442,,,finished
4467,2017-07-22,10:45:07,2017-07-22,11:48:29,1035,PRF,Practitioner,C1249080,,,finished
4468,2004-01-02,10:48:00,2004-01-02,11:38:24,1035,PRF,Practitioner,C0815549,,,finished
4469,2016-07-26,10:48:00,2016-07-26,11:35:31,1053,PRF,Practitioner,C0695673,,,finished
4470,2016-08-22,,,,1053,PRF,Practitioner,C0068567,,,finished
4471,2016-07-26,,2016-07-26,,1053,PRF,Practitioner,C1728671,,,finished
4472,2016-08-21,,2016-08-21,,1053,PRF,Practitioner,C0234520,,,finished
4473,2016-07-29,,2016-07-29,,1053,PRF,Practitioner,C1313859,,,finished
4474,2016-08-26,,2016-08-26,,1053,PRF,Practitioner,C1350555,,,finished
4475,2017-05-05,,2017-05-05,,1053,PRF,Practitioner,C1294107,,,finished
4476,2017-04-22,,2017-04-22,,1053,PRF,Practitioner,C0128005,,,finished
4477,2017-06-03,,2017-06-03,,1053,PRF,Practitioner,C0574039,,,finished
4478,2016-05-07,,2016-05-07,,1053,PRF,Practitioner,C0059248,,,finished
4479,2016-09-16,,2016-09-16,,1068,PRF,Practitioner,C0660622,,,finished
4480,2016-10-14,,2016-10-14,,1068,PRF,Practitioner,C0835990,,,finished
4481,2016-09-13,,,,1068,PRF,Practitioner,C1735486,,,finished
4482,2016-10-12,,2016-10-12,,1068,PRF,Practitioner,C0563543,,,finished
4483,2016-09-15,,,,1068,PRF,Practitioner,C0225878,,,finished
4484,2016-10-13,,2016-10-13,,1068,PRF,Practitioner,C0660622,,,finished
4485,2017-06-13,,2017-06-13,,1068,PRF,Practitioner,C0225878,,,finished
4486,2017-06-14,,,,1068,PRF,Practitioner,C1315758,,,finished
4487,2017-06-12,,2017-06-12,,1068,PRF,Practitioner,C1269314,,,finished
4488,2017-07-21,,,,1068,PRF,Practitioner,C1449220,,,finished
4489,2016-06-24,,2016-06-24,,1068,PRF,Practitioner,C1211232,,,finished
4490,1966-07-27,,1966-07-27,,1071,PRF,Practitioner,C1324761,,,finished
4491,1968-10-02,,1968-10-02,,1076,PRF,Practitioner,C2232719,,,finished
4492,1964-07-15,,1964-07-15,,1079,PRF,Practitioner,C2237422,,,finished
4493,2008-05-29,,,,1084,PRF,Practitioner,C2251516,,,finished
4494,2008-06-27,,2008-06-27,,1084,PRF,Practitioner,C0453811,,,finished
4495,2013-01-21,,2013-01-21,,1084,PRF,Practitioner,C2257017,,,finished
4496,2013-12-09,,,,1084,PRF,Practitioner,C1207073,,,finished
4497,2015-02-13,,,,1084,PRF,Practitioner,C0843012,,,finished
4498,2015-11-05,,2015-11-05,,1084,PRF,Practitioner,C0611893,,,finished
4499,2008-03-08,,,,1084,PRF,Practitioner,C0835990,,,finished
4500,1981-03-18,,,,1007,PRF,Practitioner,C0193030,,,finished
4501,1998-03-20,,1998-03-20,,1014,PRF,Practitioner,C1394595,,,finished
4502,2000-07-18,,2000-07-18,,1014,PRF,Practitioner,C1205930,,,finished
4503,2008-12-24,,2008-12-24,,1014,PRF,Practitioner,C1622074,,,finished
4504,2009-06-17,,,,1014,PRF,Practitioner,C1424379,,,finished
4505,1997-03-24,,,,1014,PRF,Practitioner,C1212257,,,finished
4506,1987-12-26,,1987-12-26,,1020,PRF,Practitioner,C1389256,,,finished
4507,2017-08-25,,2017-08-25,,1046,PRF,Practitioner,C1249372,,,finished
4508,2017-09-21,,2017-09-21,,1046,PRF,Practitioner,C1239526,,,finished
4509,2017-10-17,,2017-10-17,,1046,PRF,Practitioner,C2213060,,,finished
4510,2017-08-22,,2017-08-22,,1046,PRF,Practitioner,C0248112,,,finished
4511,2017-09-18,,2017-09-18,,1046,PRF,Practitioner,C1249114,,,finished
4512,2017-06-02,,2017-06-02,,1046,PRF,Practitioner,C0301206,,,finished
4513,2002-03-06,,,,1080,PRF,Practitioner,C0862486,,,finished
4514,2004-07-15,,2004-07-15,,1080,PRF,Practitioner,C2269810,,,finished
4515,2012-11-11,,2012-11-11,,1080,PRF,Practitioner,C1250095,,,finished
4516,2013-05-10,,2013-05-10,,1080,PRF,Practitioner,C0826781,,,finished
4517,2001-03-21,,2001-03-21,,1080,PRF,Practitioner,C0826781,,,finished
4518,1974-04-25,,1974-04-25,,1094,PRF,Practitioner,C1269314,,,finished
4519,1998-01-11,,1998-01-11,,1096,PRF,Practitioner,C0453811,,,finished
4520,2000-03-20,,,,1096,PRF,Practitioner,C1252891,,,finished
4521,1997-01-20,,1997-01-20,,1096,PRF,Practitioner,C0068567,,,finished
4522,2001-07-19,,2001-07-19,,1004,PRF,Practitioner,C0128005,,,finished
4523,2003-08-24,,2003-08-24,,1004,PRF,Practitioner,C1529999,,,finished
4524,2012-06-28,,2012-06-28,,1004,PRF,Practitioner,C1502228,,,finished
4525,2013-01-01,,,,1004,PRF,Practitioner,C0574039,,,finished
4526,2000-07-31,,2000-07-31,,1004,PRF,Practitioner,C2221285,,,finished
4527,1973-03-13,,1973-03-13,,1008,PRF,Practitioner,C0563543,,,finished
4528,2015-01-02,,2015-01-02,,1017,PRF,Practitioner,C0301206,,,finished
4529,2015-01-30,,2015-01-30,,1017,PRF,,,,,finished
4530,2015-01-05,,,,1017,PRF,Practitioner,C0054669,,,finished
4531,2015-02-03,,2015-02-03,,1017,PRF,Practitioner,C0059248,,,finished
4532,2015-10-01,,2015-10-01,,1017,PRF,Practitioner,C0574039,,,finished
4533,2016-09-11,,2016-09-11,,1017,PRF,Practitioner,C1461783,,,finished
4534,2017-09-27,,2017-09-27,,1017,PRF,Practitioner,C1647004,,,finished
4535,2014-10-13,,,,1017,PRF,Practitioner,C0234520,,,finished
4536,2006-03-09,,2006-03-09,,1036,PRF,Practitioner,C0611893,,,finished
4537,2008-04-12,,2008-04-12,,1036,PRF,Practitioner,C2247254,,,finished
4538,2013-02-14,17:06:44,,,1036,PRF,Practitioner,C1504323,,,finished
4539,2016-11-14,17:19:41,2016-11-14,17:57:08,1036,PRF,Practitioner,C0835990,,,finished
4540,2017-05-04,,2017-05-04,,1036,PRF,Practitioner,C0000048,,,finished
4541,2005-03-15,,2005-03-15,,1036,PRF,Practitioner,C1016279,,,finished
4542,2017-08-21,,2017-08-21,,1046,PRF,Practitioner,C0301206,,,finished
4543,2017-09-16,,2017-09-16,,1046,PRF,Practitioner,C0783251,,,finished
4544,1987-05-30,,,,1062,PRF,Practitioner,C0815549,,,finished
4545,1966-07-27,,1966-07-27,,1071,PRF,Practitioner,C1529999,,,finished
4546,1958-03-23,,,,1075,PRF,,,,,finished
4547,1968-10-02,,,,1076,PRF,Practitioner,C1630309,,,finished
4548,1954-03-21,,,,1077,PRF,Practitioner,C0685023,,,finished
4549,1964-07-15,,1964-07-15,,1079,PRF,Practitioner,C0248112,,,finished
4550,1958-11-21,,1958-11-21,,1089,PRF,Practitioner,C1598227,,,finished
4551,1978-04-05,,,,1090,PRF,Practitioner,C1350926,,,finished
4552,1998-01-06,,1998-01-06,,1096,PRF,Practitioner,C1340022,,,finished
4553,2000-06-16,,2000-06-16,,1096,PRF,Practitioner,C1502709,,,finished
4554,1997-01-20,,1997-01-20,,1096,PRF,Practitioner,C0563543,,,finished
4555,2003-01-27,,,,1101,PRF,Practitioner,G9337817,,,finished
4556,1994-01-08,,,,1101,PRF,Practitioner,G9337817,,,finished
4557,1966-09-03,,1966-09-03,,1102,PRF,Practitioner,G9337817,,,finished
4558,1967-04-04,,,,1102,PRF,Practitioner,G9337817,,,finished
4559,2017-03-23,,,,1103,PRF,Practitioner,G9908774,,,finished
4560,1987-02-04,,1987-02-04,,1109,PRF,,,,outpatient,finished
4561,1987-06-12,,,,1109,PRF,,,,outpatient,finished
4562,2014-01-01,,2014-01-01,,1110,PRF,Practitioner,G9908774,,outpatient,finished
4563,1966-07-29,,,,1111,PRF,Practitioner,G8732473,,outpatient,finished
4564,1965-04-19,,1965-04-19,,1111,PRF,Practitioner,G8732473,,outpatient,finished
4565,1968-10-16,,1968-10-16,,1111,PRF,Practitioner,G8732473,,outpatient,finished
4566,2011-01-11,,2011-01-11,,1111,PRF,Practitioner,G8732473,,outpatient,finished
4567,1990-10-05,,,,1111,PRF,Practitioner,G8732473,,outpatient,finished
4568,2005-11-11,,2005-11-11,,1111,PRF,Practitioner,G8732473,,outpatient,finished
4569,1982-06-17,,1982-06-17,,1111,PRF,Practitioner,G8732473,,outpatient,finished
4570,1954-12-07,,,,1114,PRF,Practitioner,G9334711,,outpatient,finished
4571,1970-02-21,,1970-02-21,,1114,PRF,Practitioner,G9334711,,outpatient,finished
4572,1982-07-02,,,,1114,PRF,Practitioner,G9334711,,outpatient,finished
4573,2016-07-02,,,,1114,PRF,Practitioner,G9334711,,outpatient,finished
4574,2000-11-30,,2000-11-30,,1116,PRF,Practitioner,G8904906,,outpatient,finished
4575,2001-02-08,,,,1116,PRF,Practitioner,G8904906,,outpatient,finished
4576,2013-02-20,,,,1117,PRF,Practitioner,G8435044,,outpatient,finished
4577,2009-02-19,,,,1117,PRF,Practitioner,G8435044,,outpatient,finished
4578,2017-03-03,,2017-03-03,,1118,PRF,Practitioner,G9607585,,outpatient,finished
4579,2009-07-05,,,,1118,PRF,Practitioner,G9607585,,outpatient,finished
4580,1992-02-10,,1992-02-10,,1119,PRF,Practitioner,G9633609,,outpatient,finished
4581,2006-05-02,,2006-05-02,,1119,PRF,Practitioner,G9633609,,outpatient,finished
4582,1983-11-06,,1983-11-06,,1119,PRF,Practitioner,G9633609,,outpatient,finished
4583,1977-04-29,,1977-04-29,,1120,PRF,Practitioner,G8706005,,outpatient,finished
4584,2015-05-01,,2015-05-01,,1121,PRF,Practitioner,G6683027,,outpatient,finished
4585,1967-03-17,,1967-03-17,,1121,PRF,Practitioner,G6683027,,outpatient,finished
4586,1987-11-30,,,,1121,PRF,Practitioner,G6683027,,outpatient,finished
4587,2017-09-09,,,,1121,PRF,Practitioner,G6683027,,outpatient,finished
4588,2017-07-10,,2017-07-10,,1122,PRF,Practitioner,G8937072,,outpatient,finished
4589,2016-12-24,,2016-12-24,,1122,PRF,Practitioner,G8937072,,outpatient,finished
4590,2017-08-08,,,,1122,PRF,Practitioner,G8937072,,outpatient,finished
4591,2001-02-11,,2001-02-11,,1123,PRF,Practitioner,G8904906,,outpatient,finished
4592,2001-04-22,,,,1123,PRF,Practitioner,G8904906,,outpatient,finished
4593,1962-05-22,,1962-05-22,,1124,PRF,Practitioner,G9337817,,outpatient,finished
4594,1930-12-31,,,,1124,PRF,Practitioner,G9337817,,outpatient,finished
4595,1950-10-02,,1950-10-02,,1124,PRF,Practitioner,G9337817,,outpatient,finished
4596,1989-01-07,,1989-01-07,,1124,PRF,Practitioner,G9337817,,outpatient,finished
4597,1987-06-16,,1987-06-16,,1124,PRF,Practitioner,G9337817,,outpatient,finished
4598,1928-08-16,,1928-08-16,,1124,PRF,Practitioner,G9337817,,outpatient,finished
4599,1938-01-31,,1938-01-31,,1124,PRF,Practitioner,G9337817,,outpatient,finished
4600,1985-03-29,,,,1124,PRF,Practitioner,G9337817,,outpatient,finished
4601,1994-08-13,,1994-08-13,,1124,PRF,Practitioner,G9337817,,outpatient,finished
4602,1987-03-24,,1987-03-24,,1125,PRF,Practitioner,G9337817,,outpatient,finished
4603,1969-11-17,,,,1125,PRF,Practitioner,G9337817,,outpatient,finished
4604,1980-10-17,,1980-10-17,,1125,PRF,Practitioner,G9337817,,outpatient,finished
4605,2001-12-10,,2001-12-10,,1125,PRF,Practitioner,G9337817,,outpatient,finished
4606,2001-01-28,,2001-01-28,,1125,PRF,Practitioner,G9337817,,outpatient,finished
4607,1968-07-26,,1968-07-26,,1125,PRF,Practitioner,G9337817,,outpatient,finished
4608,1973-10-17,,1973-10-17,,1125,PRF,Practitioner,G9337817,,outpatient,finished
4609,1999-11-08,,,,1125,PRF,Practitioner,G9337817,,outpatient,finished
4610,2005-01-12,,2005-01-12,,1125,PRF,Practitioner,G9337817,,outpatient,finished
4611,1993-09-14,,1993-09-14,,1125,,,,RR8,outpatient,finished
4612,1996-08-21,,1996-08-21,,1127,PRF,Practitioner,G9337817,,outpatient,finished
4613,1984-08-12,,,,1127,PRF,Practitioner,G9337817,,outpatient,finished
4614,1992-03-07,,1992-03-07,,1127,PRF,Practitioner,G9337817,,outpatient,finished
4615,2006-11-03,,2006-11-03,,1127,PRF,Practitioner,G9337817,,outpatient,finished
4616,2006-03-29,,2006-03-29,,1127,PRF,Practitioner,G9337817,,outpatient,finished
4617,1983-09-15,,1983-09-15,,1127,PRF,Practitioner,G9337817,,outpatient,finished
4618,1987-05-01,,1987-05-01,,1127,PRF,Practitioner,G9337817,,outpatient,finished
4619,2005-05-23,,,,1127,PRF,Practitioner,G9337817,,outpatient,finished
4620,2008-12-25,,2008-12-25,,1127,PRF,Practitioner,G9337817,,outpatient,finished
4621,2001-02-16,,2001-02-16,,1127,,,,,outpatient,finished
4622,1993-12-01,,1993-12-01,,1128,PRF,Practitioner,G9337817,,outpatient,finished
4623,1980-05-09,,,,1128,PRF,Practitioner,G9337817,,outpatient,finished
4624,1988-11-20,,1988-11-20,,1128,PRF,Practitioner,G9337817,,outpatient,finished
4625,2005-06-03,,2005-06-03,,1128,PRF,Practitioner,G9337817,,outpatient,finished
4626,2004-09-30,,2004-09-30,,1128,PRF,Practitioner,G9337817,,outpatient,finished
4627,1979-04-30,,1979-04-30,,1128,PRF,Practitioner,G9337817,,outpatient,finished
4628,1983-06-01,,1983-06-01,,1128,PRF,Practitioner,G9337817,,outpatient,finished
4629,2003-10-16,,,,1128,PRF,Practitioner,G9337817,,outpatient,finished
4630,2007-11-04,,2007-11-04,,1128,PRF,Practitioner,G9337817,,outpatient,finished
4631,1998-12-25,,1998-12-25,,1128,,,,,outpatient,finished
4632,1985-04-07,,,,1129,PRF,Practitioner,C1522002,,outpatient,finished
4633,2001-04-02,,2001-04-02,,1129,PRF,Practitioner,G8648318,,outpatient,finished
4634,1973-03-28,,1973-03-28,,1130,PRF,Practitioner,C2257646,,outpatient,finished
4635,2004-03-10,,2004-03-10,,1130,PRF,Practitioner,G6777584,,outpatient,finished
4636,2009-11-10,,,,1131,PRF,Practitioner,G6778358,,outpatient,finished
4637,1979-03-02,,1979-03-02,,1131,PRF,Practitioner,G6778358,,outpatient,finished
4638,2004-10-05,,2004-10-05,,1132,PRF,Practitioner,G8706005,,outpatient,finished
4639,1995-04-25,,1995-04-25,,1132,PRF,Practitioner,G8706005,,outpatient,finished
4640,2003-05-19,,2003-05-19,,1133,PRF,Practitioner,C0695673,,outpatient,finished
4641,2005-07-17,,,,1133,PRF,Practitioner,C0780825,,outpatient,finished
4642,2014-01-13,,,,1133,PRF,Practitioner,C1747045,,outpatient,finished
4643,2014-07-09,,,,1133,PRF,Practitioner,C1204489,,outpatient,finished
4644,2002-06-01,,2002-06-01,,1133,PRF,Practitioner,C1249389,,outpatient,finished
4645,2017-08-27,,2017-08-27,,1133,PRF,Practitioner,G6383468,,outpatient,finished
4646,2015-09-11,,2015-09-11,,1133,PRF,Practitioner,G6383468,,outpatient,finished
4647,2010-02-23,,2010-02-23,,1133,PRF,Practitioner,G6383468,,outpatient,finished
4648,2003-10-18,,2003-10-18,,1133,PRF,Practitioner,G6383468,,outpatient,finished
4649,2011-01-24,,2011-01-24,,1133,PRF,Practitioner,G6383468,,outpatient,finished
4650,2010-06-07,,,,1133,PRF,Practitioner,G6383468,,outpatient,finished
4651,2009-02-05,,2009-02-05,,1133,PRF,Practitioner,G6383468,,outpatient,finished
4652,2007-10-06,,,,1133,PRF,Practitioner,G6383468,,outpatient,finished
4653,2005-08-12,,,,1133,PRF,Practitioner,G6383468,,outpatient,finished
4654,1979-04-23,,1979-04-23,,1134,PRF,Practitioner,G8805337,,outpatient,finished
4655,1989-11-08,,,,1134,PRF,Practitioner,G8805337,,outpatient,finished
4656,2004-07-27,,2004-07-27,,1134,PRF,Practitioner,G8805337,,outpatient,finished
4657,2013-07-20,,,,1135,PRF,Practitioner,G8435941,,outpatient,finished
4658,2003-01-03,,2003-01-03,,1135,PRF,Practitioner,G8435941,,outpatient,finished
4659,2001-06-01,,,,1135,PRF,Practitioner,G8435941,,outpatient,finished
4660,2002-04-30,,2002-04-30,,1135,PRF,Practitioner,G8435941,,outpatient,finished
4661,2011-08-28,,2011-08-28,,1135,PRF,Practitioner,G8435941,,outpatient,finished
4662,2013-07-11,,2013-07-11,,1135,PRF,Practitioner,G8435941,,outpatient,finished
4663,2002-01-25,,2002-01-25,,1135,PRF,Practitioner,G8435941,,outpatient,finished
4664,2015-01-27,,2015-01-27,,1135,PRF,Practitioner,G8435941,,outpatient,finished
4665,2007-06-02,,2007-06-02,,1135,PRF,Practitioner,G8435941,,outpatient,finished
4666,2010-10-05,,2010-10-05,,1135,PRF,Practitioner,G8435941,,outpatient,finished
4667,2004-11-05,,,,1135,PRF,Practitioner,G8435941,,outpatient,finished
4668,2013-04-24,,2013-04-24,,1135,PRF,Practitioner,G8435941,,outpatient,finished
4669,2005-06-16,,2005-06-16,,1135,PRF,Practitioner,G8435941,,outpatient,finished
4670,2001-05-19,,2001-05-19,,1135,PRF,Practitioner,G8435941,,outpatient,finished
4671,2012-03-14,,,,1135,PRF,Practitioner,G8435941,,outpatient,finished
4672,1983-04-05,,1983-04-05,,1136,PRF,Practitioner,G9337817,,outpatient,finished
4673,1963-09-03,,,,1136,PRF,Practitioner,G9337817,,outpatient,finished
4674,1975-12-31,,1975-12-31,,1136,PRF,Practitioner,G9337817,,outpatient,finished
4675,1999-11-17,,1999-11-17,,1136,PRF,Practitioner,G9337817,,outpatient,finished
4676,1998-11-26,,1998-11-26,,1136,PRF,Practitioner,G9337817,,outpatient,finished
4677,1962-03-11,,1962-03-11,,1136,PRF,Practitioner,G9337817,,outpatient,finished
4678,1968-02-04,,1968-02-04,,1136,PRF,Practitioner,G9337817,,outpatient,finished
4679,1997-07-09,,,,1136,PRF,Practitioner,G9337817,,outpatient,finished
4680,2003-05-16,,2003-05-16,,1136,PRF,Practitioner,G9337817,,outpatient,finished
4681,2008-11-03,,,,1137,PRF,Practitioner,G9610839,,outpatient,finished
4682,2002-10-16,,2002-10-16,,1137,PRF,Practitioner,G9610839,,outpatient,finished
4683,2002-11-20,,2002-11-20,,1137,PRF,Practitioner,G9610839,,outpatient,finished
4684,2015-10-14,,2015-10-14,,1137,PRF,Practitioner,G9610839,,outpatient,finished
4685,1990-03-19,,1990-03-19,,1138,PRF,Practitioner,G6777584,,outpatient,finished
4686,1978-03-12,,1978-03-12,,1138,PRF,Practitioner,G6777584,,outpatient,finished
4687,2014-08-05,,2014-08-05,,1139,PRF,Practitioner,G8702678,,outpatient,finished
4688,2012-02-07,,,,1139,PRF,Practitioner,G8702678,,outpatient,finished
4689,2007-01-02,,2007-01-02,,1139,PRF,Practitioner,G8702678,,outpatient,finished
4690,2005-12-02,,2005-12-02,,1139,PRF,Practitioner,G8702678,,outpatient,finished
4691,2005-10-14,,,,1139,PRF,Practitioner,G8702678,,outpatient,finished
4692,2010-07-21,,2010-07-21,,1139,PRF,Practitioner,G8702678,,outpatient,finished
4693,2012-06-21,,2012-06-21,,1139,,,,,outpatient,finished
4694,1991-05-02,,,,1140,PRF,Practitioner,G8615022,,outpatient,finished
4695,1978-02-04,,1978-02-04,,1141,PRF,Practitioner,G3340299,,outpatient,finished
4696,2016-02-20,,2016-02-20,,1141,PRF,Practitioner,G3340299,,outpatient,finished
4697,2016-03-06,,,,1142,PRF,Practitioner,G8107431,,outpatient,finished
4698,2016-10-29,,,,1142,PRF,Practitioner,G8107431,,outpatient,finished
4699,2012-09-23,,2012-09-23,,1142,PRF,Practitioner,G8107431,,outpatient,finished
4700,2010-06-16,,2010-06-16,,1143,PRF,Practitioner,C1251498,,outpatient,finished
4701,2010-07-12,,2010-07-12,,1143,PRF,Practitioner,C1249114,,outpatient,finished
4702,2011-03-14,,,,1143,PRF,Practitioner,C1425758,,outpatient,finished
4703,2013-07-31,,2013-07-31,,1143,PRF,Practitioner,C0844927,,outpatient,finished
4704,2013-01-27,,2013-01-27,,1143,PRF,Practitioner,C0707723,,outpatient,finished
4705,2014-01-28,,,,1143,PRF,Practitioner,Practitioner,,outpatient,finished
4706,2015-02-09,,,,1143,PRF,Practitioner,C1387900,,outpatient,finished
4707,2016-01-10,16:58:05,,,1143,PRF,Practitioner,C1464047,,outpatient,finished
4708,2017-01-20,17:02:24,2017-01-20,18:04:20,1143,PRF,Practitioner,C1277618,,outpatient,finished
4709,2011-03-24,,2011-03-24,,1143,PRF,Practitioner,C1322862,,outpatient,finished
4710,2011-05-04,17:18:15,,,1143,PRF,Practitioner,C1542532,,outpatient,finished
4711,2010-03-24,,2010-03-24,,1143,PRF,Practitioner,C0234520,,outpatient,finished
4712,2014-09-06,,,,1143,PRF,Practitioner,G6777584,,outpatient,finished
4713,2015-07-19,,2015-07-19,,1143,PRF,Practitioner,G6777584,,outpatient,finished
4714,2016-07-08,,,,1143,PRF,Practitioner,G6777584,,outpatient,finished
4715,2012-03-10,,,,1143,PRF,Practitioner,G6777584,,outpatient,finished
4716,2016-07-21,,2016-07-21,,1143,PRF,Practitioner,G6777584,,outpatient,finished
4717,2011-10-18,,2011-10-18,,1143,PRF,Practitioner,G6777584,,outpatient,finished
4718,2015-02-23,,,,1143,PRF,Practitioner,G6777584,,outpatient,finished
4719,2013-02-23,,2013-02-23,,1143,PRF,Practitioner,G6777584,,outpatient,finished
4720,2012-11-02,,2012-11-02,,1143,PRF,Practitioner,G6777584,,outpatient,finished
4721,2013-07-30,,2013-07-30,,1143,PRF,Practitioner,G6777584,,outpatient,finished
4722,2012-05-27,,2012-05-27,,1143,PRF,Practitioner,G6777584,,outpatient,finished
4723,1975-02-23,,1975-02-23,,1144,PRF,Practitioner,G8541411,,outpatient,finished
4724,1995-07-27,,1995-07-27,,1144,PRF,Practitioner,G8541411,,outpatient,finished
4725,1976-03-21,,,,1144,PRF,Practitioner,G8541411,,outpatient,finished
4726,1977-11-28,,1977-11-28,,1144,PRF,Practitioner,G8541411,,outpatient,finished
4727,2001-04-03,,,,1145,PRF,Practitioner,G9908774,,outpatient,finished
4728,1967-03-27,,,,1146,PRF,Practitioner,C1735895,,outpatient,finished
4729,1989-05-24,,1989-05-24,,1146,PRF,Practitioner,G6691802,,outpatient,finished
4730,1987-04-29,,1987-04-29,,1146,PRF,Practitioner,G6691802,,outpatient,finished
4731,1988-08-31,,1988-08-31,,1146,PRF,Practitioner,G6691802,,outpatient,finished
4732,1994-01-09,,,,1147,PRF,Practitioner,G9405398,,outpatient,finished
4733,2002-02-16,,2002-02-16,,1147,PRF,Practitioner,G9405398,,outpatient,finished
4734,2010-12-20,,,,1147,PRF,Practitioner,G9405398,,outpatient,finished
4735,1999-12-15,,1999-12-15,,1147,PRF,Practitioner,G9405398,,outpatient,finished
4736,2017-05-18,,,,1147,PRF,Practitioner,G9405398,,outpatient,finished
4737,2003-05-31,,2003-05-31,,1148,PRF,Practitioner,G6778358,,outpatient,finished
4738,2016-02-17,,2016-02-17,,1148,PRF,Practitioner,G6778358,,outpatient,finished
4739,1979-06-03,,,,1148,PRF,Practitioner,G6778358,,outpatient,finished
4740,1986-06-20,,1986-06-20,,1148,PRF,Practitioner,G6778358,,outpatient,finished
4741,1983-04-25,,1983-04-25,,1148,PRF,Practitioner,G6778358,,outpatient,finished
4742,2016-03-27,,2016-03-27,,1148,PRF,Practitioner,G6778358,,outpatient,finished
4743,2013-11-02,,,,1149,PRF,Practitioner,G9346617,,outpatient,finished
4744,1988-02-15,,,,1149,PRF,Practitioner,G9346617,,outpatient,finished
4745,2010-01-13,,2010-01-13,,1149,PRF,Practitioner,G9346617,,outpatient,finished
4746,2014-03-07,,2014-03-07,,1149,PRF,Practitioner,G9346617,,outpatient,finished
4747,2010-02-17,,2010-02-17,,1149,PRF,Practitioner,G9346617,,outpatient,finished
4748,2009-09-26,,2009-09-26,,1149,PRF,Practitioner,G9346617,,outpatient,finished
4749,2016-06-27,,2016-06-27,,1150,PRF,Practitioner,G8904906,,outpatient,finished
4750,2011-01-18,,,,1150,PRF,Practitioner,G8904906,,outpatient,finished
4751,2011-07-15,,2011-07-15,,1150,PRF,Practitioner,G8904906,,outpatient,finished
4752,1958-09-23,,,,1151,PRF,Practitioner,G6691802,,outpatient,finished
4753,2015-04-03,,2015-04-03,,1152,PRF,Practitioner,G9334711,,outpatient,finished
4754,1992-12-02,,1992-12-02,,1153,PRF,Practitioner,G3340299,,outpatient,finished
4755,2000-05-07,,2000-05-07,,1153,PRF,Practitioner,G3340299,,outpatient,finished
4756,1941-03-21,,,,1154,PRF,Practitioner,G9908774,,outpatient,finished
4757,2007-04-26,,2007-04-26,,1155,PRF,Practitioner,G8648318,,outpatient,finished
4758,1987-09-06,,1987-09-06,,1155,PRF,Practitioner,G8648318,,outpatient,finished
4759,1949-03-29,,1949-03-29,,1156,PRF,Practitioner,G6683027,,outpatient,finished
4760,1951-09-23,,,,1156,PRF,Practitioner,G6683027,,outpatient,finished
4761,1945-09-09,,1945-09-09,,1156,PRF,Practitioner,G6683027,,outpatient,finished
4762,1981-10-15,,1981-10-15,,1156,PRF,Practitioner,G6683027,,outpatient,finished
4763,2002-10-05,,2002-10-05,,1156,PRF,Practitioner,G6683027,,outpatient,finished
4764,1979-08-19,,1979-08-19,,1156,PRF,Practitioner,G6683027,,outpatient,finished
4765,1958-08-12,,1958-08-12,,1156,PRF,Practitioner,G6683027,,outpatient,finished
4766,1969-06-04,,,,1156,PRF,Practitioner,G6683027,,outpatient,finished
4767,1941-10-12,,,,1156,PRF,Practitioner,G6683027,,outpatient,finished
4768,1967-02-14,,,,1156,PRF,Practitioner,G6683027,,outpatient,finished
4769,1975-01-13,,,,1156,PRF,Practitioner,G6683027,,outpatient,finished
4770,2010-11-07,,2010-11-07,,1157,PRF,Practitioner,G8747736,,outpatient,finished
4771,1996-12-07,,,,1157,PRF,Practitioner,G8747736,,outpatient,finished
4772,2002-07-25,,2002-07-25,,1158,PRF,Practitioner,G9242153,,outpatient,finished
4773,1989-01-10,,1989-01-10,,1158,PRF,Practitioner,G9242153,,outpatient,finished
4774,2013-05-09,,2013-05-09,,1159,PRF,Practitioner,G8942380,,outpatient,finished
4775,2016-04-06,,,,1159,PRF,Practitioner,G8942380,,outpatient,finished
4776,2017-07-23,,2017-07-23,,1159,PRF,Practitioner,G8942380,,outpatient,finished
4777,2014-06-05,,,,1160,PRF,Practitioner,G8731070,,outpatient,finished
4778,1927-11-22,,,,1160,,,,,outpatient,finished
4779,2015-09-03,,,,1161,,,,,outpatient,finished
4780,1972-03-03,,1972-03-03,,1162,PRF,Practitioner,G9337817,,outpatient,finished
4781,1946-04-25,,,,1162,PRF,Practitioner,G9337817,,outpatient,finished
4782,1962-08-02,,1962-08-02,,1162,PRF,Practitioner,G9337817,,outpatient,finished
4783,1994-02-09,,1994-02-09,,1162,PRF,Practitioner,G9337817,,outpatient,finished
4784,1992-10-27,,1992-10-27,,1162,PRF,Practitioner,G9337817,,outpatient,finished
4785,1944-05-10,,1944-05-10,,1162,PRF,Practitioner,G9337817,,outpatient,finished
4786,1952-02-25,,1952-02-25,,1162,PRF,Practitioner,G9337817,,outpatient,finished
4787,1990-12-30,,,,1162,PRF,Practitioner,G9337817,,outpatient,finished
4788,1998-09-20,,1998-09-20,,1162,PRF,Practitioner,G9337817,,outpatient,finished
4789,1981-10-30,,1981-10-30,,1162,,,,,outpatient,finished
4790,1998-08-11,,,,1163,PRF,Practitioner,G9100954,,outpatient,finished
4791,2004-05-21,,,,1163,PRF,Practitioner,G9100954,,outpatient,finished
4792,2013-12-19,,,,1164,PRF,Practitioner,G8731070,,outpatient,finished
4793,2015-06-25,,,,1164,PRF,Practitioner,G8731070,,outpatient,finished
4794,1977-05-01,,1977-05-01,,1165,PRF,Practitioner,G6777584,,outpatient,finished
4795,1987-07-17,,,,1165,PRF,Practitioner,G6777584,,outpatient,finished
4796,1994-04-18,,1994-04-18,,1166,PRF,Practitioner,G9607585,,outpatient,finished
4797,2001-01-07,,2001-01-07,,1167,PRF,Practitioner,G9241059,,outpatient,finished
4798,1943-06-18,,1943-06-18,,1167,PRF,Practitioner,G9241059,,outpatient,finished
4799,1961-07-27,,,,1167,PRF,Practitioner,G9241059,,outpatient,finished
4800,1965-10-21,,1965-10-21,,1167,PRF,Practitioner,G9241059,,outpatient,finished
4801,1956-03-13,,,,1167,PRF,Practitioner,G9241059,,outpatient,finished
4802,1957-10-28,,1957-10-28,,1167,PRF,Practitioner,G9241059,,outpatient,finished
4803,1962-11-20,,1962-11-20,,1167,PRF,Practitioner,G9241059,,outpatient,finished
4804,2015-03-15,,2015-03-15,,1168,PRF,Practitioner,G9908774,,outpatient,finished
4805,2012-06-21,17:16:48,2012-06-21,18:12:58,1169,PRF,Practitioner,G6691802,,outpatient,finished
4806,2000-09-03,,2000-09-03,,1170,PRF,Practitioner,G9337817,,outpatient,finished
4807,1981-02-25,,1981-02-25,,1171,PRF,Practitioner,G9337817,,outpatient,finished
4808,1995-11-09,,1995-11-09,,1172,PRF,Practitioner,G9337817,,outpatient,finished
